,DateTime,LblCol1,LblCol2,Sensor1,Sensor2
0,2041-09-30 23:05:34,,,23.8040733337402,353.856719970703
1,2041-09-30 23:05:33,,,,358.587036132812
2,2041-09-30 23:05:32,label3,,22.8885326385498,355.840393066406
3,2041-09-30 23:05:31,label3,,21.9729919433594,350.194549560547
4,2041-09-30 23:05:30,label3,,,348.821258544922
5,2041-09-30 23:05:29,label3,,20.3707942962646,350.804931640625
6,2041-09-30 23:05:28,label3,,20.5996799468994,353.704132080078
7,2041-09-30 23:05:27,label3,,,339.971008300781
8,2041-09-30 23:05:26,label3,,18.9974822998047,345.311676025391
9,2041-09-30 23:05:25,label3,,18.9974822998047,344.396118164063
10,2041-09-30 23:05:24,label3,,,354.619689941406
11,2041-09-30 23:05:23,label3,,17.1664009094238,354.314483642578
12,2041-09-30 23:05:22,label3,,16.7086296081543,327.458618164063
13,2041-09-30 23:05:21,label3,,,333.562225341797
14,2041-09-30 23:05:20,label3,,16.02197265625,339.360656738281
15,2041-09-30 23:05:19,label3,,15.3353176116943,353.246368408203
16,2041-09-30 23:05:18,label3,,14.8775472640991,346.684997558594
17,2041-09-30 23:05:17,label3,,,287.327392578125
18,2041-09-30 23:05:16,label3,,14.4197759628296,269.169158935547
19,2041-09-30 23:05:15,label3,,,278.934936523438
20,2041-09-30 23:05:14,label3,,13.7331199645996,296.025024414063
21,2041-09-30 23:05:13,label3,,13.7331199645996,299.534576416016
22,2041-09-30 23:05:12,label3,,13.2753486633301,241.702911376953
23,2041-09-30 23:05:11,label3,,,
24,2041-09-30 23:05:10,label3,,12.5886936187744,242.465850830078
25,2041-09-30 23:05:09,label3,,12.1309232711792,281.681549072266
26,2041-09-30 23:05:08,label3,,,
27,2041-09-30 23:05:07,label3,,11.6731519699097,288.700714111328
28,2041-09-30 23:05:06,label3,,11.9020366668701,287.47998046875
29,2041-09-30 23:05:05,label3,,,289.768829345703
30,2041-09-30 23:05:04,label3,,11.4442663192749,290.074035644531
31,2041-09-30 23:05:03,label3,,11.9020366668701,289.158477783203
32,2041-09-30 23:05:02,label3,,,289.921417236328
33,2041-09-30 23:05:01,label3,,12.1309232711792,288.700714111328
34,2041-09-30 23:05:00,label3,,12.1309232711792,288.242950439453
35,2041-09-30 23:04:59,label3,,,289.005889892578
36,2041-09-30 23:04:58,label3,,11.9020366668701,288.700714111328
37,2041-09-30 23:04:57,label3,,11.9020366668701,289.616241455078
38,2041-09-30 23:04:56,label3,,,288.242950439453
39,2041-09-30 23:04:55,label3,,12.1309232711792,288.395538330078
40,2041-09-30 23:04:54,label3,,11.9020366668701,289.005889892578
41,2041-09-30 23:04:53,label3,,,288.853302001953
42,2041-09-30 23:04:52,label3,,12.1309232711792,290.379211425781
43,2041-09-30 23:04:51,label3,,12.1309232711792,289.616241455078
44,2041-09-30 23:04:50,label3,,11.9020366668701,289.005889892578
45,2041-09-30 23:04:49,label3,,,289.463653564453
46,2041-09-30 23:04:48,label3,,11.9020366668701,290.531799316406
47,2041-09-30 23:04:47,label3,,11.9020366668701,290.989562988281
48,2041-09-30 23:04:46,label3,,,290.226623535156
49,2041-09-30 23:04:45,label3,,11.9020366668701,288.548126220703
50,2041-09-30 23:04:44,label3,,11.6731519699097,289.311065673828
51,2041-09-30 23:04:43,label3,,,291.142150878906
52,2041-09-30 23:04:42,label3,,11.6731519699097,290.531799316406
53,2041-09-30 23:04:41,label2,,12.1309232711792,289.921417236328
54,2041-09-30 23:04:40,label2,,,289.768829345703
55,2041-09-30 23:04:39,label2,,11.9020366668701,289.311065673828
56,2041-09-30 23:04:38,label2,,12.1309232711792,289.005889892578
57,2041-09-30 23:04:37,label2,,,290.531799316406
58,2041-09-30 23:04:36,label2,,12.1309232711792,289.005889892578
59,2041-09-30 23:04:35,label2,,11.9020366668701,286.106658935547
60,2041-09-30 23:04:34,label2,,,287.78515625
61,2041-09-30 23:04:33,label2,,11.9020366668701,288.700714111328
62,2041-09-30 23:04:32,label2,,11.6731519699097,290.226623535156
63,2041-09-30 23:04:31,label2,,11.9020366668701,291.142150878906
64,2041-09-30 23:04:30,label2,,,288.853302001953
65,2041-09-30 23:04:29,label2,,11.6731519699097,286.86962890625
66,2041-09-30 23:04:28,label2,,11.9020366668701,287.78515625
67,2041-09-30 23:04:27,label2,,,288.853302001953
68,2041-09-30 23:04:26,label2,,11.9020366668701,288.548126220703
69,2041-09-30 23:04:25,label2,,11.9020366668701,287.937744140625
70,2041-09-30 23:04:24,label2,,,286.564453125
71,2041-09-30 23:04:23,label2,,11.9020366668701,287.327392578125
72,2041-09-30 23:04:22,label2,,11.9020366668701,288.700714111328
73,2041-09-30 23:04:21,label2,,11.9020366668701,287.632568359375
74,2041-09-30 23:04:20,label2,,,286.411865234375
75,2041-09-30 23:04:19,label2,,11.9020366668701,285.801483154297
76,2041-09-30 23:04:18,label2,,11.6731519699097,286.411865234375
77,2041-09-30 23:04:17,label2,,,287.1748046875
78,2041-09-30 23:04:16,label2,,11.9020366668701,286.411865234375
79,2041-09-30 23:04:15,label2,,11.9020366668701,285.343719482422
80,2041-09-30 23:04:14,label2,,,285.191131591797
81,2041-09-30 23:04:13,label2,,11.9020366668701,284.885955810547
82,2041-09-30 23:04:12,label2,,12.1309232711792,286.86962890625
83,2041-09-30 23:04:11,label2,,,287.632568359375
84,2041-09-30 23:04:10,label2,,11.6731519699097,285.496307373047
85,2041-09-30 23:04:09,label2,,11.9020366668701,282.749694824219
86,2041-09-30 23:04:08,label2,,,284.733367919922
87,2041-09-30 23:04:07,label2,,11.9020366668701,287.78515625
88,2041-09-30 23:04:06,label2,,11.9020366668701,288.395538330078
89,2041-09-30 23:04:05,label2,,12.1309232711792,285.954071044922
90,2041-09-30 23:04:04,label2,,,283.512634277344
91,2041-09-30 23:04:03,label2,,12.1309232711792,284.275604248047
92,2041-09-30 23:04:02,label2,,12.1309232711792,286.106658935547
93,2041-09-30 23:04:01,label2,,,289.005889892578
94,2041-09-30 23:04:00,label2,,11.9020366668701,285.954071044922
95,2041-09-30 23:03:59,label2,,12.1309232711792,282.749694824219
96,2041-09-30 23:03:58,label2,,,282.597106933594
97,2041-09-30 23:03:57,label2,,12.1309232711792,285.801483154297
98,2041-09-30 23:03:56,label2,,11.9020366668701,289.768829345703
99,2041-09-30 23:03:55,label2,,,286.717041015625
100,2041-09-30 23:03:54,label2,,11.9020366668701,282.139312744141
101,2041-09-30 23:03:53,label2,,11.6731519699097,283.970397949219
102,2041-09-30 23:03:52,label2,,,290.226623535156
103,2041-09-30 23:03:51,label2,,11.9020366668701,291.142150878906
104,2041-09-30 23:03:50,label1,,12.1309232711792,289.463653564453
105,2041-09-30 23:03:49,label1,,,285.954071044922
106,2041-09-30 23:03:48,label1,,12.1309232711792,284.428192138672
107,2041-09-30 23:03:47,label1,,12.1309232711792,289.158477783203
108,2041-09-30 23:03:46,label1,,11.6731519699097,293.736145019531
109,2041-09-30 23:03:45,label1,,,293.278381347656
110,2041-09-30 23:03:44,label1,,11.6731519699097,288.548126220703
111,2041-09-30 23:03:43,label1,,11.9020366668701,284.580780029297
112,2041-09-30 23:03:42,label1,,,288.700714111328
113,2041-09-30 23:03:41,label1,,11.9020366668701,292.820617675781
114,2041-09-30 23:03:40,label1,,11.9020366668701,293.278381347656
115,2041-09-30 23:03:39,label1,,,289.463653564453
116,2041-09-30 23:03:38,label1,,11.6731519699097,285.038543701172
117,2041-09-30 23:03:37,label1,,12.1309232711792,287.1748046875
118,2041-09-30 23:03:36,label1,,,292.820617675781
119,2041-09-30 23:03:35,label1,,12.1309232711792,294.499114990234
120,2041-09-30 23:03:34,label1,,11.6731519699097,289.921417236328
121,2041-09-30 23:03:33,label1,,11.6731519699097,284.733367919922
122,2041-09-30 23:03:32,label1,,,283.665222167969
123,2041-09-30 23:03:31,label1,,11.9020366668701,293.430969238281
124,2041-09-30 23:03:30,label1,,11.6731519699097,296.177612304687
125,2041-09-30 23:03:29,label1,,,290.989562988281
126,2041-09-30 23:03:28,label1,,12.1309232711792,283.817810058594
127,2041-09-30 23:03:27,label1,,11.9020366668701,281.223785400391
128,2041-09-30 23:03:26,label1,,,287.47998046875
129,2041-09-30 23:03:25,label1,,11.6731519699097,293.583557128906
130,2041-09-30 23:03:24,label1,,11.6731519699097,291.599914550781
131,2041-09-30 23:03:23,label1,,,281.986724853516
132,2041-09-30 23:03:22,label1,,12.1309232711792,280.460845947266
133,2041-09-30 23:03:21,label1,,12.1309232711792,283.054870605469
134,2041-09-30 23:03:20,label1,,11.6731519699097,290.836975097656
135,2041-09-30 23:03:19,label1,,11.9020366668701,292.820617675781
136,2041-09-30 23:03:18,label1,,,
137,2041-09-30 23:03:17,label1,,11.9020366668701,283.054870605469
138,2041-09-30 23:03:16,label1,,,279.087524414062
139,2041-09-30 23:03:15,label1,,11.9020366668701,282.749694824219
140,2041-09-30 23:03:14,label1,,11.9020366668701,294.041351318359
141,2041-09-30 23:03:13,label1,,,296.787963867188
142,2041-09-30 23:03:12,label1,,11.9020366668701,286.106658935547
143,2041-09-30 23:03:11,label1,,11.9020366668701,276.951263427734
144,2041-09-30 23:03:10,label1,,,278.782348632813
145,2041-09-30 23:03:09,label1,,11.9020366668701,292.515441894531
146,2041-09-30 23:03:08,label1,,11.6731519699097,295.872406005859
147,2041-09-30 23:03:07,label1,,11.9020366668701,290.684387207031
148,2041-09-30 23:03:06,label3,,,280.308258056641
149,2041-09-30 23:03:05,label3,,12.1309232711792,275.577941894531
150,2041-09-30 23:03:04,label3,,11.9020366668701,285.191131591797
151,2041-09-30 23:03:03,label3,,,294.956878662109
152,2041-09-30 23:03:02,label3,,11.6731519699097,294.041351318359
153,2041-09-30 23:03:01,label3,,11.6731519699097,278.477172851562
154,2041-09-30 23:03:00,label3,,,275.577941894531
155,2041-09-30 23:02:59,label3,,11.4442663192749,279.087524414062
156,2041-09-30 23:02:58,label3,,12.1309232711792,300.602722167969
157,2041-09-30 23:02:57,label3,,12.1309232711792,301.670837402344
158,2041-09-30 23:02:56,label3,,,285.648895263672
159,2041-09-30 23:02:55,label3,,11.9020366668701,276.188293457031
160,2041-09-30 23:02:54,label3,,11.9020366668701,275.883117675781
161,2041-09-30 23:02:53,label3,,,292.210266113281
162,2041-09-30 23:02:52,label3,,11.9020366668701,308.537414550781
163,2041-09-30 23:02:51,label3,,11.9020366668701,296.177612304687
164,2041-09-30 23:02:50,label3,,,276.493499755859
165,2041-09-30 23:02:49,label3,,12.3598079681396,271.15283203125
166,2041-09-30 23:02:48,label3,,11.9020366668701,285.648895263672
167,2041-09-30 23:02:47,label3,,11.9020366668701,310.521087646484
168,2041-09-30 23:02:46,label3,,,314.030670166016
169,2041-09-30 23:02:45,label3,,12.1309232711792,276.188293457031
170,2041-09-30 23:02:44,label3,,12.1309232711792,268.711395263672
171,2041-09-30 23:02:43,label3,,,276.798675537109
172,2041-09-30 23:02:42,label3,,11.6731519699097,307.469268798828
173,2041-09-30 23:02:41,label3,,11.6731519699097,328.984497070313
174,2041-09-30 23:02:40,label3,,,287.632568359375
175,2041-09-30 23:02:39,label3,,11.4442663192749,271.000244140625
176,2041-09-30 23:02:38,label3,,11.9020366668701,270.389862060547
177,2041-09-30 23:02:37,label3,,,302.433807373047
178,2041-09-30 23:02:36,label3,,11.9020366668701,331.578552246094
179,2041-09-30 23:02:35,label3,,11.9020366668701,304.1123046875
180,2041-09-30 23:02:34,label3,,,275.425354003906
181,2041-09-30 23:02:33,label3,,11.9020366668701,265.659576416016
182,2041-09-30 23:02:32,label3,,11.9020366668701,283.207458496094
183,2041-09-30 23:02:31,label3,,11.9020366668701,327.763793945313
184,2041-09-30 23:02:30,label3,,,341.039154052734
185,2041-09-30 23:02:29,label3,,11.9020366668701,269.779510498047
186,2041-09-30 23:02:28,label3,,11.4442663192749,264.286254882813
187,2041-09-30 23:02:27,label3,,,269.626922607422
188,2041-09-30 23:02:26,label3,,11.9020366668701,298.008697509766
189,2041-09-30 23:02:25,label3,,11.9020366668701,371.252014160156
190,2041-09-30 23:02:24,label3,,,295.414642333984
191,2041-09-30 23:02:23,label3,,11.9020366668701,256.04638671875
192,2041-09-30 23:02:22,label3,,12.1309232711792,255.7412109375
193,2041-09-30 23:02:21,label3,,12.1309232711792,302.281219482422
194,2041-09-30 23:02:20,label3,,,346.532379150391
195,2041-09-30 23:02:19,label3,,12.1309232711792,330.205230712891
196,2041-09-30 23:02:18,label3,,11.2153806686401,256.961944580078
197,2041-09-30 23:02:17,label3,,,225.680938720703
198,2041-09-30 23:02:16,label3,,10.5287246704102,233.005264282227
199,2041-09-30 23:02:15,label3,,10.7576103210449,252.384216308594
200,2041-09-30 23:02:14,,,,277.103851318359
201,2041-09-30 23:02:13,label2,,9.84206867218018,248.569473266602
202,2041-09-30 23:02:12,label2,,10.0709543228149,213.626312255859
203,2041-09-30 23:02:11,label2,,10.0709543228149,192.874038696289
204,2041-09-30 23:02:10,label2,,,213.01594543457
205,2041-09-30 23:02:09,label2,,9.38429832458496,226.291305541992
206,2041-09-30 23:02:08,label2,,8.010986328125,220.645462036133
207,2041-09-30 23:02:07,label2,,,217.441070556641
208,2041-09-30 23:02:06,label2,,8.23987197875977,186.31266784668
209,2041-09-30 23:02:05,label2,,8.23987197875977,171.511413574219
210,2041-09-30 23:02:04,label2,,,145.113311767578
211,2041-09-30 23:02:03,label2,,8.23987197875977,135.652709960938
212,2041-09-30 23:02:02,label2,,8.23987197875977,136.720840454102
213,2041-09-30 23:02:01,label2,,8.46875667572022,137.178604125977
214,2041-09-30 23:02:00,label2,,,141.756317138672
215,2041-09-30 23:01:59,label2,,8.23987197875977,142.366683959961
216,2041-09-30 23:01:58,label2,,8.23987197875977,140.230422973633
217,2041-09-30 23:01:57,label2,,,137.331207275391
218,2041-09-30 23:01:56,label2,,7.78210115432739,137.178604125977
219,2041-09-30 23:01:55,label2,,8.23987197875977,138.55192565918
220,2041-09-30 23:01:54,label2,,,140.077819824219
221,2041-09-30 23:01:53,label2,,8.23987197875977,142.214096069336
222,2041-09-30 23:01:52,label2,,8.010986328125,142.366683959961
223,2041-09-30 23:01:51,label2,,,135.194931030273
224,2041-09-30 23:01:50,label2,,8.23987197875977,135.652709960938
225,2041-09-30 23:01:49,label2,,9.1554126739502,126.497299194336
226,2041-09-30 23:01:48,label2,,8.92652797698975,127.5654296875
227,2041-09-30 23:01:47,label2,,,128.633560180664
228,2041-09-30 23:01:46,label2,,8.69764232635498,139.162292480469
229,2041-09-30 23:01:45,label2,,8.92652797698975,145.418487548828
230,2041-09-30 23:01:44,label2,,,154.573883056641
231,2041-09-30 23:01:43,label2,,8.92652797698975,155.18424987793
232,2041-09-30 23:01:42,label2,,8.92652797698975,161.135269165039
233,2041-09-30 23:01:41,label2,,,168.764785766602
234,2041-09-30 23:01:40,label2,,8.69764232635498,169.985504150391
235,2041-09-30 23:01:39,label2,,8.92652797698975,192.721435546875
236,2041-09-30 23:01:38,label2,,8.92652797698975,196.536193847656
237,2041-09-30 23:01:37,label2,,,197.451736450195
238,2041-09-30 23:01:36,label2,,8.92652797698975,173.342498779297
239,2041-09-30 23:01:35,label2,,10.0709543228149,154.726470947266
240,2041-09-30 23:01:34,label2,,,143.434814453125
241,2041-09-30 23:01:33,label2,,10.9864959716797,138.094146728516
242,2041-09-30 23:01:32,label2,,10.9864959716797,136.720840454102
243,2041-09-30 23:01:31,label2,,,131.685363769531
244,2041-09-30 23:01:30,label2,,12.1309232711792,118.104827880859
245,2041-09-30 23:01:29,label1,,13.0464639663696,112.001220703125
246,2041-09-30 23:01:28,label1,,13.7331199645996,106.81315612793
247,2041-09-30 23:01:27,label1,,,105.592430114746
248,2041-09-30 23:01:26,label1,,13.2753486633301,109.864959716797
249,2041-09-30 23:01:25,label1,,13.2753486633301,109.559776306152
250,2041-09-30 23:01:24,label1,,,113.832305908203
251,2041-09-30 23:01:23,label1,,13.2753486633301,113.374534606934
252,2041-09-30 23:01:22,label1,,14.64866065979,112.153816223145
253,2041-09-30 23:01:21,label1,,,
254,2041-09-30 23:01:20,label1,,14.1908903121948,111.696044921875
255,2041-09-30 23:01:19,label1,,13.9620056152344,110.627914428711
256,2041-09-30 23:01:18,label1,,,
257,2041-09-30 23:01:17,label1,,14.4197759628296,110.933090209961
258,2041-09-30 23:01:16,label1,,14.4197759628296,111.543449401855
259,2041-09-30 23:01:15,label1,,,112.458992004395
260,2041-09-30 23:01:14,label1,,14.4197759628296,113.374534606934
261,2041-09-30 23:01:13,label1,,14.1908903121948,112.764175415039
262,2041-09-30 23:01:12,label1,,14.1908903121948,112.153816223145
263,2041-09-30 23:01:11,label1,,,111.238273620605
264,2041-09-30 23:01:10,label1,,14.4197759628296,110.780502319336
265,2041-09-30 23:01:09,label1,,14.4197759628296,110.933090209961
266,2041-09-30 23:01:08,label1,,,111.08568572998
267,2041-09-30 23:01:07,label1,,14.1908903121948,112.30640411377
268,2041-09-30 23:01:06,label1,,14.4197759628296,112.916763305664
269,2041-09-30 23:01:05,label1,,,112.916763305664
270,2041-09-30 23:01:04,label1,,14.1908903121948,112.30640411377
271,2041-09-30 23:01:03,label1,,14.1908903121948,111.39086151123
272,2041-09-30 23:01:02,label1,,,110.475318908691
273,2041-09-30 23:01:01,label1,,13.9620056152344,110.627914428711
274,2041-09-30 23:01:00,label1,,14.1908903121948,110.933090209961
275,2041-09-30 23:00:59,label1,,14.4197759628296,111.8486328125
276,2041-09-30 23:00:58,label1,,,113.069358825684
277,2041-09-30 23:00:57,label1,label4,14.4197759628296,113.069358825684
278,2041-09-30 23:00:56,label1,label4,14.4197759628296,112.764175415039
279,2041-09-30 23:00:55,label1,label4,,112.458992004395
280,2041-09-30 23:00:54,label1,label4,14.1908903121948,111.08568572998
281,2041-09-30 23:00:53,label1,label4,14.4197759628296,110.475318908691
282,2041-09-30 23:00:52,label1,label4,,110.627914428711
283,2041-09-30 23:00:51,label1,label4,13.9620056152344,111.8486328125
284,2041-09-30 23:00:50,label1,label4,14.4197759628296,113.069358825684
285,2041-09-30 23:00:49,label1,label4,14.1908903121948,113.069358825684
286,2041-09-30 23:00:48,label1,label4,,112.916763305664
287,2041-09-30 23:00:47,label1,label4,14.1908903121948,112.458992004395
288,2041-09-30 23:00:46,label1,label4,14.1908903121948,111.543449401855
289,2041-09-30 23:00:45,label1,label4,,111.08568572998
290,2041-09-30 23:00:44,label1,label4,13.9620056152344,110.475318908691
291,2041-09-30 23:00:43,label1,label4,14.1908903121948,111.238273620605
292,2041-09-30 23:00:42,label1,label4,13.9620056152344,112.30640411377
293,2041-09-30 23:00:41,label1,label4,,113.527130126953
294,2041-09-30 23:00:40,label1,label4,14.4197759628296,113.374534606934
295,2041-09-30 23:00:39,label1,label4,14.1908903121948,112.458992004395
296,2041-09-30 23:00:38,label1,label4,,111.39086151123
297,2041-09-30 23:00:37,label1,label4,14.1908903121948,110.933090209961
298,2041-09-30 23:00:36,label1,label4,14.1908903121948,110.475318908691
299,2041-09-30 23:00:35,label1,label4,,110.475318908691
300,2041-09-30 23:00:34,label1,label4,14.4197759628296,111.08568572998
301,2041-09-30 23:00:33,label1,label4,14.1908903121948,112.153816223145
302,2041-09-30 23:00:32,label1,label4,14.4197759628296,112.764175415039
303,2041-09-30 23:00:31,label1,label4,,112.153816223145
304,2041-09-30 23:00:30,label1,label4,14.4197759628296,111.543449401855
305,2041-09-30 23:00:29,label1,label4,14.1908903121948,110.627914428711
306,2041-09-30 23:00:28,label1,label4,,109.864959716797
307,2041-09-30 23:00:27,label1,label4,14.64866065979,110.322731018066
308,2041-09-30 23:00:26,label1,label4,14.64866065979,110.475318908691
309,2041-09-30 23:00:25,label1,label4,,110.933090209961
310,2041-09-30 23:00:24,label1,label4,14.64866065979,112.001220703125
311,2041-09-30 23:00:23,label1,label4,14.4197759628296,112.764175415039
312,2041-09-30 23:00:22,label3,label4,,112.001220703125
313,2041-09-30 23:00:21,label3,label4,14.4197759628296,110.780502319336
314,2041-09-30 23:00:20,label3,label4,14.1908903121948,109.254600524902
315,2041-09-30 23:00:19,label3,label4,13.9620056152344,109.407188415527
316,2041-09-30 23:00:18,label3,label4,,110.322731018066
317,2041-09-30 23:00:17,label3,label4,14.1908903121948,111.08568572998
318,2041-09-30 23:00:16,label3,label4,14.1908903121948,112.001220703125
319,2041-09-30 23:00:15,label3,label4,,112.30640411377
320,2041-09-30 23:00:14,label3,label4,14.1908903121948,111.8486328125
321,2041-09-30 23:00:13,label3,label4,14.64866065979,111.39086151123
322,2041-09-30 23:00:12,label3,label4,13.9620056152344,110.475318908691
323,2041-09-30 23:00:11,label3,label4,,109.254600524902
324,2041-09-30 23:00:10,label3,label4,14.4197759628296,109.102005004883
325,2041-09-30 23:00:09,label3,label4,14.1908903121948,109.864959716797
326,2041-09-30 23:00:08,label3,label4,,112.30640411377
327,2041-09-30 23:00:07,label3,label4,14.1908903121948,112.764175415039
328,2041-09-30 23:00:06,label3,label4,14.1908903121948,112.153816223145
329,2041-09-30 23:00:05,label3,label4,14.64866065979,111.08568572998
330,2041-09-30 23:00:04,label3,label4,,110.322731018066
331,2041-09-30 23:00:03,label3,label4,14.4197759628296,109.864959716797
332,2041-09-30 23:00:02,label3,label4,14.4197759628296,109.102005004883
333,2041-09-30 23:00:01,label3,label4,14.4197759628296,109.407188415527
334,2041-09-30 23:00:00,label3,label4,,111.39086151123
335,2041-09-30 22:59:59,label3,label4,14.4197759628296,114.900428771973
336,2041-09-30 22:59:58,label3,label4,14.4197759628296,116.578926086426
337,2041-09-30 22:59:57,label3,label4,,115.815971374512
338,2041-09-30 22:59:56,label3,label4,14.1908903121948,114.747840881348
339,2041-09-30 22:59:55,label3,label4,14.1908903121948,113.984893798828
340,2041-09-30 22:59:54,label3,label4,,114.137489318848
341,2041-09-30 22:59:53,label3,label4,14.64866065979,114.137489318848
342,2041-09-30 22:59:52,label3,label4,13.9620056152344,115.358200073242
343,2041-09-30 22:59:51,label3,label4,,117.341873168945
344,2041-09-30 22:59:50,label3,label4,14.1908903121948,118.257415771484
345,2041-09-30 22:59:49,label3,label4,14.4197759628296,117.952239990234
346,2041-09-30 22:59:48,label3,label4,14.4197759628296,115.663383483887
347,2041-09-30 22:59:47,label3,label4,,114.900428771973
348,2041-09-30 22:59:46,label3,label4,14.4197759628296,114.137489318848
349,2041-09-30 22:59:45,label3,label4,14.1908903121948,113.984893798828
350,2041-09-30 22:59:44,label3,label4,,114.595252990723
351,2041-09-30 22:59:43,label3,label4,14.64866065979,116.426330566406
352,2041-09-30 22:59:42,label3,label4,14.1908903121948,117.799644470215
353,2041-09-30 22:59:41,label3,label4,14.1908903121948,118.410011291504
354,2041-09-30 22:59:40,label3,label4,,
355,2041-09-30 22:59:39,label3,label4,13.9620056152344,117.341873168945
356,2041-09-30 22:59:38,label3,label4,,
357,2041-09-30 22:59:37,label3,label4,14.64866065979,113.832305908203
358,2041-09-30 22:59:36,label3,label4,14.1908903121948,113.679718017578
359,2041-09-30 22:59:35,label3,label4,,114.595252990723
360,2041-09-30 22:59:34,label3,label4,14.4197759628296,115.815971374512
361,2041-09-30 22:59:33,label3,label4,14.4197759628296,117.18928527832
362,2041-09-30 22:59:32,label3,label4,14.4197759628296,118.562599182129
363,2041-09-30 22:59:31,label3,label4,,117.952239990234
364,2041-09-30 22:59:30,label3,label4,14.4197759628296,116.121154785156
365,2041-09-30 22:59:29,label3,label4,14.64866065979,114.290077209473
366,2041-09-30 22:59:28,label2,label4,,113.679718017578
367,2041-09-30 22:59:27,label2,label4,14.1908903121948,114.290077209473
368,2041-09-30 22:59:26,label2,label4,14.4197759628296,115.358200073242
369,2041-09-30 22:59:25,label2,label4,,116.884101867676
370,2041-09-30 22:59:24,label2,label4,14.1908903121948,118.257415771484
371,2041-09-30 22:59:23,label2,label4,14.1908903121948,118.410011291504
372,2041-09-30 22:59:22,label2,label4,,117.494468688965
373,2041-09-30 22:59:21,label2,label4,14.4197759628296,115.663383483887
374,2041-09-30 22:59:20,label2,label4,14.4197759628296,114.137489318848
375,2041-09-30 22:59:19,label2,label4,,113.679718017578
376,2041-09-30 22:59:18,label2,label4,14.4197759628296,115.053024291992
377,2041-09-30 22:59:17,label2,label4,13.9620056152344,116.426330566406
378,2041-09-30 22:59:16,label2,label4,,118.562599182129
379,2041-09-30 22:59:15,label2,label4,14.1908903121948,118.715187072754
380,2041-09-30 22:59:14,label2,label4,14.1908903121948,117.494468688965
381,2041-09-30 22:59:13,label2,label4,14.1908903121948,115.510795593262
382,2041-09-30 22:59:12,label2,label4,,114.595252990723
383,2041-09-30 22:59:11,label2,label4,14.4197759628296,113.679718017578
384,2041-09-30 22:59:10,label2,label4,14.1908903121948,113.984893798828
385,2041-09-30 22:59:09,label2,label4,,114.900428771973
386,2041-09-30 22:59:08,label2,label4,14.4197759628296,118.562599182129
387,2041-09-30 22:59:07,label2,label4,14.4197759628296,119.630729675293
388,2041-09-30 22:59:06,label2,label4,,118.257415771484
389,2041-09-30 22:59:05,label2,label4,14.4197759628296,115.815971374512
390,2041-09-30 22:59:04,label2,label4,14.1908903121948,114.747840881348
391,2041-09-30 22:59:03,label2,label4,,114.442665100098
392,2041-09-30 22:59:02,label2,label4,13.9620056152344,114.595252990723
393,2041-09-30 22:59:01,label2,label4,14.1908903121948,115.358200073242
394,2041-09-30 22:59:00,label2,label4,14.1908903121948,116.884101867676
395,2041-09-30 22:58:59,label2,label4,,119.478141784668
396,2041-09-30 22:58:58,label2,label4,14.1908903121948,119.325546264648
397,2041-09-30 22:58:57,label2,label4,13.9620056152344,117.494468688965
398,2041-09-30 22:58:56,label2,label4,,115.663383483887
399,2041-09-30 22:58:55,label2,label4,14.1908903121948,113.679718017578
400,2041-09-30 22:58:54,label2,label4,14.1908903121948,114.137489318848
401,2041-09-30 22:58:53,label2,label4,,115.510795593262
402,2041-09-30 22:58:52,label2,label4,14.4197759628296,117.494468688965
403,2041-09-30 22:58:51,label2,label4,14.4197759628296,118.410011291504
404,2041-09-30 22:58:50,label2,label4,,119.478141784668
405,2041-09-30 22:58:49,label2,label4,13.9620056152344,119.172958374023
406,2041-09-30 22:58:48,label2,label4,14.4197759628296,116.273742675781
407,2041-09-30 22:58:47,label2,label4,14.4197759628296,115.358200073242
408,2041-09-30 22:58:46,label2,label4,,114.747840881348
409,2041-09-30 22:58:45,label2,label4,14.64866065979,115.663383483887
410,2041-09-30 22:58:44,label2,label4,14.4197759628296,117.952239990234
411,2041-09-30 22:58:43,label2,label4,,119.325546264648
412,2041-09-30 22:58:42,label2,label4,14.1908903121948,119.783317565918
413,2041-09-30 22:58:41,label2,label4,14.1908903121948,118.715187072754
414,2041-09-30 22:58:40,label2,label4,,117.18928527832
415,2041-09-30 22:58:39,label2,label4,14.1908903121948,115.663383483887
416,2041-09-30 22:58:38,label2,label4,13.9620056152344,114.442665100098
417,2041-09-30 22:58:37,label2,label4,,114.137489318848
418,2041-09-30 22:58:36,label2,label4,14.1908903121948,116.273742675781
419,2041-09-30 22:58:35,label2,label4,13.9620056152344,118.867774963379
420,2041-09-30 22:58:34,label2,label4,14.4197759628296,120.088500976563
421,2041-09-30 22:58:33,label2,label4,,118.715187072754
422,2041-09-30 22:58:32,label2,label4,14.1908903121948,116.273742675781
423,2041-09-30 22:58:31,label2,label4,14.4197759628296,115.205612182617
424,2041-09-30 22:58:30,label2,label4,,113.984893798828
425,2041-09-30 22:58:29,label2,label4,14.4197759628296,113.679718017578
426,2041-09-30 22:58:28,label2,label4,14.1908903121948,114.747840881348
427,2041-09-30 22:58:27,label2,label4,,117.64705657959
428,2041-09-30 22:58:26,label2,label4,14.1908903121948,120.088500976563
429,2041-09-30 22:58:25,label2,label4,14.1908903121948,119.783317565918
430,2041-09-30 22:58:24,label2,label4,,116.884101867676
431,2041-09-30 22:58:23,label2,label4,14.1908903121948,114.900428771973
432,2041-09-30 22:58:22,label2,label4,14.1908903121948,113.527130126953
433,2041-09-30 22:58:21,label2,label4,,113.679718017578
434,2041-09-30 22:58:20,label2,label4,14.1908903121948,114.747840881348
435,2041-09-30 22:58:19,label2,label4,14.4197759628296,115.815971374512
436,2041-09-30 22:58:18,label1,label4,,117.952239990234
437,2041-09-30 22:58:17,label1,label4,13.9620056152344,120.698860168457
438,2041-09-30 22:58:16,label2,label4,14.1908903121948,119.325546264648
439,2041-09-30 22:58:15,label1,label4,,116.121154785156
440,2041-09-30 22:58:14,label1,label4,14.4197759628296,112.153816223145
441,2041-09-30 22:58:13,label1,label4,14.4197759628296,111.238273620605
442,2041-09-30 22:58:12,label1,label4,,114.137489318848
443,2041-09-30 22:58:11,label1,label4,14.1908903121948,115.968566894531
444,2041-09-30 22:58:10,label1,label4,13.9620056152344,119.478141784668
445,2041-09-30 22:58:09,label1,label4,13.9620056152344,119.783317565918
446,2041-09-30 22:58:08,label1,label4,,119.325546264648
447,2041-09-30 22:58:07,label1,label4,14.4197759628296,118.104827880859
448,2041-09-30 22:58:06,label1,label4,14.4197759628296,115.815971374512
449,2041-09-30 22:58:05,label1,label4,,112.764175415039
450,2041-09-30 22:58:04,label1,label4,14.1908903121948,111.696044921875
451,2041-09-30 22:58:03,label1,label4,14.1908903121948,
452,2041-09-30 22:58:02,label1,label4,,112.30640411377
453,2041-09-30 22:58:01,label1,,14.1908903121948,118.257415771484
454,2041-09-30 22:58:00,label1,,13.9620056152344,123.292900085449
455,2041-09-30 22:57:59,label1,,,123.750663757324
456,2041-09-30 22:57:58,label1,,14.1908903121948,122.072174072266
457,2041-09-30 22:57:57,label1,,14.4197759628296,115.205612182617
458,2041-09-30 22:57:56,label1,,13.9620056152344,112.611587524414
459,2041-09-30 22:57:55,label1,,,111.39086151123
460,2041-09-30 22:57:54,label1,,14.1908903121948,107.728698730469
461,2041-09-30 22:57:53,label1,,,110.322731018066
462,2041-09-30 22:57:52,label1,,14.1908903121948,108.033874511719
463,2041-09-30 22:57:51,label1,,14.4197759628296,114.595252990723
464,2041-09-30 22:57:50,label1,,14.4197759628296,110.322731018066
465,2041-09-30 22:57:49,label1,,,103.913940429688
466,2041-09-30 22:57:48,label1,,14.1908903121948,102.693214416504
467,2041-09-30 22:57:47,label1,,13.9620056152344,101.014724731445
468,2041-09-30 22:57:46,label1,,,98.7258682250977
469,2041-09-30 22:57:45,label1,,14.1908903121948,100.404365539551
470,2041-09-30 22:57:44,label1,,14.1908903121948,98.7258682250977
471,2041-09-30 22:57:43,label1,,14.4197759628296,98.4206924438477
472,2041-09-30 22:57:42,label1,,,99.7939987182617
473,2041-09-30 22:57:41,label1,,14.1908903121948,97.8103256225586
474,2041-09-30 22:57:40,label1,,14.4197759628296,92.6222686767578
475,2041-09-30 22:57:39,label1,,,91.2489547729492
476,2041-09-30 22:57:38,label1,,14.4197759628296,90.6385955810547
477,2041-09-30 22:57:37,label1,,14.1908903121948,87.281608581543
478,2041-09-30 22:57:36,label1,,,88.6549224853516
479,2041-09-30 22:57:35,label1,,14.1908903121948,90.9437713623047
480,2041-09-30 22:57:34,label1,,14.1908903121948,91.5541381835938
481,2041-09-30 22:57:33,label1,,,91.4015426635742
482,2041-09-30 22:57:32,label1,,14.4197759628296,92.6222686767578
483,2041-09-30 22:57:31,label1,,14.4197759628296,86.3660659790039
484,2041-09-30 22:57:30,label1,,,80.7202224731445
485,2041-09-30 22:57:29,label1,,14.4197759628296,77.3632354736328
486,2041-09-30 22:57:28,label1,,14.1908903121948,77.3632354736328
487,2041-09-30 22:57:27,label1,,14.1908903121948,81.9409484863281
488,2041-09-30 22:57:26,label1,,,92.1644973754883
489,2041-09-30 22:57:25,label1,,14.4197759628296,91.2489547729492
490,2041-09-30 22:57:24,label1,,14.4197759628296,88.9600982666016
491,2041-09-30 22:57:23,label1,,,87.586784362793
492,2041-09-30 22:57:22,label1,,14.4197759628296,83.1616668701172
493,2041-09-30 22:57:21,label1,,14.1908903121948,80.10986328125
494,2041-09-30 22:57:20,label1,,14.1908903121948,76.9054718017578
495,2041-09-30 22:57:19,label1,,,79.1943206787109
496,2041-09-30 22:57:18,label1,,14.4197759628296,86.2134780883789
497,2041-09-30 22:57:17,label1,,14.1908903121948,95.2162933349609
498,2041-09-30 22:57:16,label1,,,92.6222686767578
499,2041-09-30 22:57:15,label1,,14.1908903121948,92.1644973754883
